Id,CreationTime,CreationTimeUTC,RecordType,Operation,OrganizationId,UserType,UserKey,Workload,UserId,ClientIP,UserAgent,Activity,ItemName,WorkSpaceName,DashboardName,DatasetName,ReportName,WorkspaceId,ObjectId,DashboardId,DatasetId,ReportId,OrgAppPermission,CapacityId,CapacityName,AppName,IsSuccess,ReportType,RequestId,ActivityId,AppReportId,DistributionMethod,ConsumptionMethod,RetrieveDate
744391fb-b7bb-4635-aa8b-2f82ee361247,2022-07-23T00:23:06Z,,20,GenerateCustomVisualAADAccessToken,efe042fe-c4cf-4e6b-a8d4-23234c69c5ec,0,1003200102470097,PowerBI,fsharp@example.net,86.25.149.160,"Mozilla/5.0 (Windows NT 10.0; Win64; x64) AppleWebKit/537.36 (KHTML, like Gecko) Chrome/102.0.5005.124 Safari/537.36 Edg/102.0.1245.44",GenerateCustomVisualAADAccessToken,,sgflbdidkr,,,firjdvvzqz,,,,,,,,,,True,,0a40c35d-e13f-d614-a16d-94969a82b3bb,bdfbded5-3ad1-49cb-9a5f-b1bd835a3656,,,,23/07/2022 10:45:59
73a7d7a7-0268-44cb-aaf2-ccc3250d4d01,2022-07-23T01:13:07Z,,20,GenerateCustomVisualAADAccessToken,efe042fe-c4cf-4e6b-a8d4-23234c69c5ec,0,1003200102470097,PowerBI,fsharp@example.net,86.25.149.160,"Mozilla/5.0 (Windows NT 10.0; Win64; x64) AppleWebKit/537.36 (KHTML, like Gecko) Chrome/102.0.5005.124 Safari/537.36 Edg/102.0.1245.44",GenerateCustomVisualAADAccessToken,,sgflbdidkr,,,firjdvvzqz,,,,,,,,,,True,,4a10d0ad-bb25-a8b7-f030-46cb65442c83,bdfbded5-3ad1-49cb-9a5f-b1bd835a3656,,,,23/07/2022 10:45:59
cbaaac9c-bafe-437e-b915-226580cbf12a,2022-07-23T02:27:16Z,,20,GenerateCustomVisualAADAccessToken,efe042fe-c4cf-4e6b-a8d4-23234c69c5ec,0,1003200102470097,PowerBI,fsharp@example.net,86.25.149.160,"Mozilla/5.0 (Windows NT 10.0; Win64; x64) AppleWebKit/537.36 (KHTML, like Gecko) Chrome/102.0.5005.124 Safari/537.36 Edg/102.0.1245.44",GenerateCustomVisualAADAccessToken,,sgflbdidkr,,,firjdvvzqz,,,,,,,,,,True,,b6d6ecdc-302a-00b1-6d6a-e6109e771eb2,bdfbded5-3ad1-49cb-9a5f-b1bd835a3656,,,,23/07/2022 10:45:59
2f1fee2a-1f85-4ffc-a241-96927babaff1,2022-07-23T03:27:16Z,,20,GenerateCustomVisualAADAccessToken,efe042fe-c4cf-4e6b-a8d4-23234c69c5ec,0,1003200102470097,PowerBI,fsharp@example.net,86.25.149.160,"Mozilla/5.0 (Windows NT 10.0; Win64; x64) AppleWebKit/537.36 (KHTML, like Gecko) Chrome/102.0.5005.124 Safari/537.36 Edg/102.0.1245.44",GenerateCustomVisualAADAccessToken,,sgflbdidkr,,,firjdvvzqz,,,,,,,,,,True,,38be3cb3-7dbb-0bf0-739a-7381302a89b0,bdfbded5-3ad1-49cb-9a5f-b1bd835a3656,,,,23/07/2022 10:45:59
a1a8491c-eae6-42ff-847d-507e29c105b2,2022-07-23T05:23:12Z,,20,GenerateCustomVisualAADAccessToken,efe042fe-c4cf-4e6b-a8d4-23234c69c5ec,0,1003200102470097,PowerBI,fsharp@example.net,86.25.149.160,"Mozilla/5.0 (Windows NT 10.0; Win64; x64) AppleWebKit/537.36 (KHTML, like Gecko) Chrome/102.0.5005.124 Safari/537.36 Edg/102.0.1245.44",GenerateCustomVisualAADAccessToken,,sgflbdidkr,,,firjdvvzqz,,,,,,,,,,True,,f7128900-b579-8787-1c51-b75b6255f646,bdfbded5-3ad1-49cb-9a5f-b1bd835a3656,,,,23/07/2022 10:45:59
33f49348-76b0-4035-850d-b188d2e3a8f8,2022-07-23T06:04:24Z,,20,ViewReport,efe042fe-c4cf-4e6b-a8d4-23234c69c5ec,0,1003BFFDA9D09922,PowerBI,wjackson@example.org,86.172.135.134,,ViewReport,Rail Systems Dashboard 20-07-22,frrsqyjnsx,,Rail Systems Dashboard 20-07-22,wppcdokakn,30e5156b-2365-41db-b4a0-a14181047140,Rail Systems Dashboard 20-07-22,,a82729ea-eb49-4ab6-b5a5-98a6dcd25ce9,02ed67e6-ded4-4683-891a-baea118b33ad,,,,,True,PowerBIReport,2d981832-bf07-4b4f-8c1e-2304475721a4,0bf03671-7d5d-4232-b168-f1089100c7f3,,Workspace,Power BI Web,23/07/2022 10:45:59
6d0b7745-157a-4285-bb54-a6850bc65582,2022-07-23T07:03:15Z,,20,GenerateCustomVisualAADAccessToken,efe042fe-c4cf-4e6b-a8d4-23234c69c5ec,0,1003200102470097,PowerBI,fsharp@example.net,86.25.149.160,"Mozilla/5.0 (Windows NT 10.0; Win64; x64) AppleWebKit/537.36 (KHTML, like Gecko) Chrome/102.0.5005.124 Safari/537.36 Edg/102.0.1245.44",GenerateCustomVisualAADAccessToken,,sgflbdidkr,,,firjdvvzqz,,,,,,,,,,True,,3526cc1c-9074-f6d8-2959-26a7524067cd,bdfbded5-3ad1-49cb-9a5f-b1bd835a3656,,,,23/07/2022 10:45:59
cd1c50e9-77b5-40f6-9609-f2d2fda01db1,2022-07-23T10:44:18Z,,20,ViewReport,efe042fe-c4cf-4e6b-a8d4-23234c69c5ec,0,10032000F7444DFF,PowerBI,rebecca89@example.org,81.141.8.28,,ViewReport,02.020.Portfolio Performance Snapshot,xwekswplai,,02.020.Portfolio Performance Snapshot,wazjfzcgbr,8dbdee7a-fb8d-4ae7-9a55-061239bd3e1e,02.020.Portfolio Performance Snapshot,,45337b03-fc81-42df-9f8d-b2018d65df3a,80a6e600-3c25-4dfa-aa07-e2c33c063b6a,,,,,True,PowerBIReport,2adc5b50-5c9d-4df4-935f-5682dd8d8442,5590d8f4-7c04-4024-99b8-6839bb311c61,,Shared,Power BI Web,23/07/2022 10:45:59
fb87eca3-acc8-4ad2-b3c5-1fce37bf69fb,2022-07-23T10:44:37Z,,20,ViewReport,efe042fe-c4cf-4e6b-a8d4-23234c69c5ec,0,10032000F7444DFF,PowerBI,rebecca89@example.org,81.141.8.28,"Mozilla/5.0 (Windows NT 10.0; Win64; x64) AppleWebKit/537.36 (KHTML, like Gecko) Chrome/101.0.0.0 Safari/537.36",ViewReport,02.020.Portfolio Performance Snapshot,xwekswplai,,02.020.Portfolio Performance Snapshot,wazjfzcgbr,8dbdee7a-fb8d-4ae7-9a55-061239bd3e1e,02.020.Portfolio Performance Snapshot,,45337b03-fc81-42df-9f8d-b2018d65df3a,80a6e600-3c25-4dfa-aa07-e2c33c063b6a,,,,,True,PowerBIReport,e503d580-3d9f-991b-065a-308486b4bc85,e62f555e-8a76-eef3-042d-bdda87784f5e,,Shared,Power BI Web,23/07/2022 10:45:59
4a2e26ba-271c-4c18-9cdc-3f54928cf189,2022-07-23T10:34:59Z,,20,ViewReport,efe042fe-c4cf-4e6b-a8d4-23234c69c5ec,0,10032000F406C4D6,PowerBI,jhughes@example.com,165.225.80.253,,ViewReport,OpAndMaint Dashboard,ghaocieapc,,OpAndMaint Dashboard,urjeftmajl,01439304-c9df-421c-b620-1f72c9ccad09,OpAndMaint Dashboard,,b868a6c3-dab9-4556-a852-18df151a776f,a0649a3d-6650-4e4b-bf7e-d8467d903616,,,,,True,PowerBIReport,cb16689e-22df-4d7b-8d81-933c9b4d4847,cdfe78fc-89e0-46d9-8c89-30b7632b204f,,Shared,Power BI Web,23/07/2022 10:45:59
1eac6e62-e016-4727-b9b0-ea4900bbb215,2022-07-23T11:27:12Z,,20,GetSnapshots,efe042fe-c4cf-4e6b-a8d4-23234c69c5ec,0,10037FFE9BAAAA06,PowerBI,chussain@example.com,147.161.166.105,"Mozilla/5.0 (Windows NT 10.0; Win64; x64) AppleWebKit/537.36 (KHTML, like Gecko) Chrome/103.0.5060.114 Safari/537.36 Edg/103.0.1264.62",GetSnapshots,,sgflbdidkr,,,firjdvvzqz,,,,,,,,,,True,,49d712df-31bc-29f4-9c6b-6314f45dae07,5a3ef4b3-597a-4ab7-8697-b5cb39c6bbb7,,,,23/07/2022 10:45:59
4f8dcd51-1fdb-4fd6-8fa3-9b04db337bfc,2022-07-23T11:27:14Z,,20,GetSnapshots,efe042fe-c4cf-4e6b-a8d4-23234c69c5ec,0,10037FFE9BAAAA06,PowerBI,chussain@example.com,147.161.166.105,"Mozilla/5.0 (Windows NT 10.0; Win64; x64) AppleWebKit/537.36 (KHTML, like Gecko) Chrome/103.0.5060.114 Safari/537.36 Edg/103.0.1264.62",GetSnapshots,,sgflbdidkr,,,firjdvvzqz,,,,,,,,,,True,,03cb03b0-65ec-8d62-82d2-441191ece505,5a3ef4b3-597a-4ab7-8697-b5cb39c6bbb7,,,,23/07/2022 10:45:59
ea0760ce-d02f-4542-822e-24afe51c3b61,2022-07-23T14:41:18Z,,20,ExportReport,efe042fe-c4cf-4e6b-a8d4-23234c69c5ec,0,10033FFF9508DDE4,PowerBI,rickywilson@example.com,109.152.230.221,"Mozilla/5.0 (Windows NT 10.0; Win64; x64) AppleWebKit/537.36 (KHTML, like Gecko) Chrome/103.0.5060.114 Safari/537.36 Edg/103.0.1264.62",ExportReport,02.020.Portfolio Performance Snapshot,xwekswplai,,02.020.Portfolio Performance Snapshot,wazjfzcgbr,8dbdee7a-fb8d-4ae7-9a55-061239bd3e1e,02.020.Portfolio Performance Snapshot,,45337b03-fc81-42df-9f8d-b2018d65df3a,80a6e600-3c25-4dfa-aa07-e2c33c063b6a,,,,,True,PowerBIReport,06878c7c-1a72-b1d2-069a-649fe7500a65,1395b859-10e3-4add-9621-7eeacc438dbc,,Shared,,23/07/2022 10:45:59
b2a15782-2de7-4fa0-b46b-465d29693be5,2022-07-23T14:03:53Z,,20,ExportReport,efe042fe-c4cf-4e6b-a8d4-23234c69c5ec,0,10033FFF9508DDE4,PowerBI,rickywilson@example.com,109.152.230.221,"Mozilla/5.0 (Windows NT 10.0; Win64; x64) AppleWebKit/537.36 (KHTML, like Gecko) Chrome/103.0.5060.114 Safari/537.36 Edg/103.0.1264.62",ExportReport,02.020.Portfolio Performance Snapshot,xwekswplai,,02.020.Portfolio Performance Snapshot,wazjfzcgbr,8dbdee7a-fb8d-4ae7-9a55-061239bd3e1e,02.020.Portfolio Performance Snapshot,,45337b03-fc81-42df-9f8d-b2018d65df3a,80a6e600-3c25-4dfa-aa07-e2c33c063b6a,,,,,True,PowerBIReport,6bfc0cc8-7159-cf22-dff6-df29ed67dfee,1395b859-10e3-4add-9621-7eeacc438dbc,,Shared,,23/07/2022 10:45:59
5dbf0f9f-cd05-4795-8e86-12c5f7bb973f,2022-07-23T14:02:48Z,,20,GetSnapshots,efe042fe-c4cf-4e6b-a8d4-23234c69c5ec,0,10033FFF9508DDE4,PowerBI,rickywilson@example.com,109.152.230.221,"Mozilla/5.0 (Windows NT 10.0; Win64; x64) AppleWebKit/537.36 (KHTML, like Gecko) Chrome/103.0.5060.114 Safari/537.36 Edg/103.0.1264.62",GetSnapshots,,sgflbdidkr,,,firjdvvzqz,,,,,,,,,,True,,6fe273f1-3e7f-4f25-d869-29f17c2747dc,1395b859-10e3-4add-9621-7eeacc438dbc,,,,23/07/2022 10:45:59
57bc46fa-d9bf-4189-8f90-9ee5d0aee814,2022-07-23T14:42:07Z,,20,ExportReport,efe042fe-c4cf-4e6b-a8d4-23234c69c5ec,0,10033FFF9508DDE4,PowerBI,rickywilson@example.com,109.152.230.221,"Mozilla/5.0 (Windows NT 10.0; Win64; x64) AppleWebKit/537.36 (KHTML, like Gecko) Chrome/103.0.5060.114 Safari/537.36 Edg/103.0.1264.62",ExportReport,02.020.Portfolio Performance Snapshot,xwekswplai,,02.020.Portfolio Performance Snapshot,wazjfzcgbr,8dbdee7a-fb8d-4ae7-9a55-061239bd3e1e,02.020.Portfolio Performance Snapshot,,45337b03-fc81-42df-9f8d-b2018d65df3a,80a6e600-3c25-4dfa-aa07-e2c33c063b6a,,,,,True,PowerBIReport,5b6d0d39-48a2-a19c-34c3-31a24624cf49,1395b859-10e3-4add-9621-7eeacc438dbc,,Shared,,23/07/2022 10:45:59
beea4dcc-1da6-45d7-b6c3-979bcdecf33e,2022-07-23T14:09:24Z,,20,ExportReport,efe042fe-c4cf-4e6b-a8d4-23234c69c5ec,0,10033FFF9508DDE4,PowerBI,rickywilson@example.com,109.152.230.221,"Mozilla/5.0 (Windows NT 10.0; Win64; x64) AppleWebKit/537.36 (KHTML, like Gecko) Chrome/103.0.5060.114 Safari/537.36 Edg/103.0.1264.62",ExportReport,02.020.Portfolio Performance Snapshot,xwekswplai,,02.020.Portfolio Performance Snapshot,wazjfzcgbr,8dbdee7a-fb8d-4ae7-9a55-061239bd3e1e,02.020.Portfolio Performance Snapshot,,45337b03-fc81-42df-9f8d-b2018d65df3a,80a6e600-3c25-4dfa-aa07-e2c33c063b6a,,,,,True,PowerBIReport,e294381e-54e2-92d7-c57e-b0a0d311ddc3,1395b859-10e3-4add-9621-7eeacc438dbc,,Shared,,23/07/2022 10:45:59
640328a0-6152-47ca-8f1e-141547fd52ab,2022-07-23T14:43:49Z,,20,ExportReport,efe042fe-c4cf-4e6b-a8d4-23234c69c5ec,0,10033FFF9508DDE4,PowerBI,rickywilson@example.com,109.152.230.221,"Mozilla/5.0 (Windows NT 10.0; Win64; x64) AppleWebKit/537.36 (KHTML, like Gecko) Chrome/103.0.5060.114 Safari/537.36 Edg/103.0.1264.62",ExportReport,02.020.Portfolio Performance Snapshot,xwekswplai,,02.020.Portfolio Performance Snapshot,wazjfzcgbr,8dbdee7a-fb8d-4ae7-9a55-061239bd3e1e,02.020.Portfolio Performance Snapshot,,45337b03-fc81-42df-9f8d-b2018d65df3a,80a6e600-3c25-4dfa-aa07-e2c33c063b6a,,,,,True,PowerBIReport,c9ab85f6-a280-e976-2aa5-982f39a27aab,1395b859-10e3-4add-9621-7eeacc438dbc,,Shared,,23/07/2022 10:45:59
09ebb568-7948-4891-ac7b-82e16045afad,2022-07-23T14:18:26Z,,20,ViewReport,efe042fe-c4cf-4e6b-a8d4-23234c69c5ec,0,10032000A798052A,PowerBI,harrietwallis@example.net,90.195.123.160,,ViewReport,02.020.Portfolio Performance Snapshot,xwekswplai,,02.020.Portfolio Performance Snapshot,wazjfzcgbr,8dbdee7a-fb8d-4ae7-9a55-061239bd3e1e,02.020.Portfolio Performance Snapshot,,45337b03-fc81-42df-9f8d-b2018d65df3a,80a6e600-3c25-4dfa-aa07-e2c33c063b6a,,,,,True,PowerBIReport,a17e35bb-d700-4fe3-802b-4f783eb0f821,993a5103-024e-41a3-849a-6b7352fbc622,,Shared,Power BI Mobile,23/07/2022 10:45:59
23dad4f9-bd3d-4d54-99b1-845d2112c4d2,2022-07-23T14:07:04Z,,20,ExportReport,efe042fe-c4cf-4e6b-a8d4-23234c69c5ec,0,10033FFF9508DDE4,PowerBI,rickywilson@example.com,109.152.230.221,"Mozilla/5.0 (Windows NT 10.0; Win64; x64) AppleWebKit/537.36 (KHTML, like Gecko) Chrome/103.0.5060.114 Safari/537.36 Edg/103.0.1264.62",ExportReport,02.020.Portfolio Performance Snapshot,xwekswplai,,02.020.Portfolio Performance Snapshot,wazjfzcgbr,8dbdee7a-fb8d-4ae7-9a55-061239bd3e1e,02.020.Portfolio Performance Snapshot,,45337b03-fc81-42df-9f8d-b2018d65df3a,80a6e600-3c25-4dfa-aa07-e2c33c063b6a,,,,,True,PowerBIReport,2d095975-517f-29ac-7806-f0398a5bbccc,1395b859-10e3-4add-9621-7eeacc438dbc,,Shared,,23/07/2022 10:45:59
63ee2566-a9c7-4f6e-b705-124f35f42013,2022-07-23T14:04:40Z,,20,ExportReport,efe042fe-c4cf-4e6b-a8d4-23234c69c5ec,0,10033FFF9508DDE4,PowerBI,rickywilson@example.com,109.152.230.221,"Mozilla/5.0 (Windows NT 10.0; Win64; x64) AppleWebKit/537.36 (KHTML, like Gecko) Chrome/103.0.5060.114 Safari/537.36 Edg/103.0.1264.62",ExportReport,02.020.Portfolio Performance Snapshot,xwekswplai,,02.020.Portfolio Performance Snapshot,wazjfzcgbr,8dbdee7a-fb8d-4ae7-9a55-061239bd3e1e,02.020.Portfolio Performance Snapshot,,45337b03-fc81-42df-9f8d-b2018d65df3a,80a6e600-3c25-4dfa-aa07-e2c33c063b6a,,,,,True,PowerBIReport,95c92072-2501-7533-bc77-405cc5597f4c,1395b859-10e3-4add-9621-7eeacc438dbc,,Shared,,23/07/2022 10:45:59
52f6bf7e-c6fc-4954-bdbb-1a7d367625a7,2022-07-23T14:42:56Z,,20,ExportReport,efe042fe-c4cf-4e6b-a8d4-23234c69c5ec,0,10033FFF9508DDE4,PowerBI,rickywilson@example.com,109.152.230.221,"Mozilla/5.0 (Windows NT 10.0; Win64; x64) AppleWebKit/537.36 (KHTML, like Gecko) Chrome/103.0.5060.114 Safari/537.36 Edg/103.0.1264.62",ExportReport,02.020.Portfolio Performance Snapshot,xwekswplai,,02.020.Portfolio Performance Snapshot,wazjfzcgbr,8dbdee7a-fb8d-4ae7-9a55-061239bd3e1e,02.020.Portfolio Performance Snapshot,,45337b03-fc81-42df-9f8d-b2018d65df3a,80a6e600-3c25-4dfa-aa07-e2c33c063b6a,,,,,True,PowerBIReport,d184191c-cb5b-d89b-71f8-d7a7642369cb,1395b859-10e3-4add-9621-7eeacc438dbc,,Shared,,23/07/2022 10:45:59
d4cb1109-f75a-4399-b5e4-e4d0148358a9,2022-07-23T14:02:50Z,,20,ViewReport,efe042fe-c4cf-4e6b-a8d4-23234c69c5ec,0,10033FFF9508DDE4,PowerBI,rickywilson@example.com,109.152.230.221,,ViewReport,02.020.Portfolio Performance Snapshot,xwekswplai,,02.020.Portfolio Performance Snapshot,wazjfzcgbr,8dbdee7a-fb8d-4ae7-9a55-061239bd3e1e,02.020.Portfolio Performance Snapshot,,45337b03-fc81-42df-9f8d-b2018d65df3a,80a6e600-3c25-4dfa-aa07-e2c33c063b6a,,,,,True,PowerBIReport,d13347a0-21ad-4cf8-d71a-9fd4fb1bede0,8b16c879-70a1-67a6-1efb-82483d095654,,Shared,Power BI Web,23/07/2022 10:45:59
dc17830d-9c13-475f-81a9-bdfb3798945e,2022-07-23T14:48:18Z,,20,ViewReport,efe042fe-c4cf-4e6b-a8d4-23234c69c5ec,0,10033FFFAB133EFA,PowerBI,chloewilkinson@example.com,86.144.43.57,,ViewReport,06.040.Risk Operational Dashboard - Risk Exposure Change,xwekswplai,,06.040.Risk Operational Dashboard - Risk Exposure Change,dwafggxwbj,8dbdee7a-fb8d-4ae7-9a55-061239bd3e1e,06.040.Risk Operational Dashboard - Risk Exposure Change,,cd30f3bb-852d-45fd-bade-44acb1bbebd6,9a45de2b-e17b-4745-b1ed-54db8e4962b8,,,,,True,PowerBIReport,384345b9-df99-4ea7-8251-ccd7d0b9e6e1,4b6de3ee-86de-451a-8f5f-2a4ff5c3282d,,Shared,Power BI Web,23/07/2022 10:45:59
f025ff9b-3ed3-4db0-ab69-05bfa5e693b3,2022-07-23T18:47:51Z,,20,ViewReport,efe042fe-c4cf-4e6b-a8d4-23234c69c5ec,0,100320010BE2B8D2,PowerBI,ryanjones@example.com,147.161.166.100,"Mozilla/5.0 (Windows NT 10.0; Win64; x64) AppleWebKit/537.36 (KHTML, like Gecko) Chrome/103.0.0.0 Safari/537.36",ViewReport,02.020.Portfolio Performance Snapshot,xwekswplai,,02.020.Portfolio Performance Snapshot,wazjfzcgbr,8dbdee7a-fb8d-4ae7-9a55-061239bd3e1e,02.020.Portfolio Performance Snapshot,,45337b03-fc81-42df-9f8d-b2018d65df3a,80a6e600-3c25-4dfa-aa07-e2c33c063b6a,,,,,True,PowerBIReport,01012129-e7a6-234b-72f2-3859c3fea5e2,53f77e82-d431-97e4-288d-13966108e910,,Shared,Power BI Web,23/07/2022 10:45:59
1c561d50-e103-4d29-8959-70b7a803b8a7,2022-07-23T18:44:49Z,,20,ViewReport,efe042fe-c4cf-4e6b-a8d4-23234c69c5ec,0,100320010BE2B8D2,PowerBI,ryanjones@example.com,147.161.166.100,"Mozilla/5.0 (Windows NT 10.0; Win64; x64) AppleWebKit/537.36 (KHTML, like Gecko) Chrome/103.0.0.0 Safari/537.36",ViewReport,01.000.Executive Summary,xwekswplai,,01.000.Executive Summary,fmdgkjhgsy,8dbdee7a-fb8d-4ae7-9a55-061239bd3e1e,01.000.Executive Summary,,8e1634c4-a424-483e-9621-ecc406719574,10d295c6-11e8-4fda-9dc0-cf872554e567,,,,,True,PowerBIReport,28b61d96-fb8b-b5ba-9a44-6e1ef9044eea,54b463c4-cb04-3aef-1b3b-5f915e7352f0,,Shared,Power BI Web,23/07/2022 10:45:59
9901be6a-ebbf-4c04-849b-c1a2d8b4d5e8,2022-07-23T18:44:46Z,,20,GetSnapshots,efe042fe-c4cf-4e6b-a8d4-23234c69c5ec,0,100320010BE2B8D2,PowerBI,ryanjones@example.com,147.161.166.100,"Mozilla/5.0 (Windows NT 10.0; Win64; x64) AppleWebKit/537.36 (KHTML, like Gecko) Chrome/103.0.0.0 Safari/537.36",GetSnapshots,,sgflbdidkr,,,firjdvvzqz,,,,,,,,,,True,,12db4808-9f21-e551-4c89-bee2083625c4,b721784e-be65-4385-8702-40ea1d81d419,,,,23/07/2022 10:45:59
d9f0bdb9-439a-47ca-bc2f-10e09a2d55fa,2022-07-23T18:46:23Z,,20,ViewReport,efe042fe-c4cf-4e6b-a8d4-23234c69c5ec,0,100320010BE2B8D2,PowerBI,ryanjones@example.com,147.161.166.100,"Mozilla/5.0 (Windows NT 10.0; Win64; x64) AppleWebKit/537.36 (KHTML, like Gecko) Chrome/103.0.0.0 Safari/537.36",ViewReport,01.000.Executive Summary,xwekswplai,,01.000.Executive Summary,fmdgkjhgsy,8dbdee7a-fb8d-4ae7-9a55-061239bd3e1e,01.000.Executive Summary,,8e1634c4-a424-483e-9621-ecc406719574,10d295c6-11e8-4fda-9dc0-cf872554e567,,,,,True,PowerBIReport,b4bc1f80-068e-c198-5aa3-d8aa70e7e920,db23ce85-2d92-abf3-2f9a-c2a03ef2e0ec,,Shared,Power BI Web,23/07/2022 10:45:59
da03d81f-0833-4efa-9cd4-ce6fc0979e9f,2022-07-23T19:08:40Z,,20,ViewReport,efe042fe-c4cf-4e6b-a8d4-23234c69c5ec,0,100320010BE2B8D2,PowerBI,ryanjones@example.com,147.161.166.100,"Mozilla/5.0 (Windows NT 10.0; Win64; x64) AppleWebKit/537.36 (KHTML, like Gecko) Chrome/103.0.0.0 Safari/537.36",ViewReport,Narrative App,gxvwhtfjhw,,Narrative App,ubgezrshuz,4721e86e-0134-4af4-96fb-1d35c96ef1ed,Narrative App,,2cd64f8a-0afe-489f-a529-732c064d2251,e8389680-dfeb-4508-9542-2ad45564fbd7,,,,,True,PowerBIReport,d74271d5-4727-4c5a-091b-95bbc69c1f5c,d07aca5f-c045-d90b-3913-123ea5c6992b,,Shared,Power BI Web,23/07/2022 10:45:59
03687260-e121-488b-ad66-59b08675a28d,2022-07-23T19:08:21Z,,20,GenerateCustomVisualAADAccessToken,efe042fe-c4cf-4e6b-a8d4-23234c69c5ec,0,100320010BE2B8D2,PowerBI,ryanjones@example.com,147.161.166.100,"Mozilla/5.0 (Windows NT 10.0; Win64; x64) AppleWebKit/537.36 (KHTML, like Gecko) Chrome/103.0.0.0 Safari/537.36",GenerateCustomVisualAADAccessToken,,sgflbdidkr,,,firjdvvzqz,,,,,,,,,,True,,a714a90d-c80a-6df5-9758-33b24a1920c7,b721784e-be65-4385-8702-40ea1d81d419,,,,23/07/2022 10:45:59
14bcb1ee-8372-4446-8571-86ff496b87eb,2022-07-23T19:08:22Z,,20,GenerateCustomVisualAADAccessToken,efe042fe-c4cf-4e6b-a8d4-23234c69c5ec,0,100320010BE2B8D2,PowerBI,ryanjones@example.com,147.161.166.100,"Mozilla/5.0 (Windows NT 10.0; Win64; x64) AppleWebKit/537.36 (KHTML, like Gecko) Chrome/103.0.0.0 Safari/537.36",GenerateCustomVisualAADAccessToken,,sgflbdidkr,,,firjdvvzqz,,,,,,,,,,True,,8dc516b0-cb88-57ac-d733-3626dd2d609e,b721784e-be65-4385-8702-40ea1d81d419,,,,23/07/2022 10:45:59
c17127ed-b9a7-429e-8f3f-037b364685e9,2022-07-23T19:08:19Z,,20,ViewReport,efe042fe-c4cf-4e6b-a8d4-23234c69c5ec,0,100320010BE2B8D2,PowerBI,ryanjones@example.com,147.161.166.100,"Mozilla/5.0 (Windows NT 10.0; Win64; x64) AppleWebKit/537.36 (KHTML, like Gecko) Chrome/103.0.0.0 Safari/537.36",ViewReport,Narrative App,gxvwhtfjhw,,Narrative App,ubgezrshuz,4721e86e-0134-4af4-96fb-1d35c96ef1ed,Narrative App,,2cd64f8a-0afe-489f-a529-732c064d2251,e8389680-dfeb-4508-9542-2ad45564fbd7,,,,,True,PowerBIReport,96cb4175-c018-f928-c476-277a2a4cbdc2,162937ce-e58a-d9a0-f825-86605c287643,,Shared,Power BI Web,23/07/2022 10:45:59
1cbb54ae-2150-4b8d-8f27-dd9a140515ac,2022-07-23T19:03:56Z,,20,ViewReport,efe042fe-c4cf-4e6b-a8d4-23234c69c5ec,0,100320010BE2B8D2,PowerBI,ryanjones@example.com,147.161.166.100,"Mozilla/5.0 (Windows NT 10.0; Win64; x64) AppleWebKit/537.36 (KHTML, like Gecko) Chrome/103.0.0.0 Safari/537.36",ViewReport,02.020.Portfolio Performance Snapshot,xwekswplai,,02.020.Portfolio Performance Snapshot,wazjfzcgbr,8dbdee7a-fb8d-4ae7-9a55-061239bd3e1e,02.020.Portfolio Performance Snapshot,,45337b03-fc81-42df-9f8d-b2018d65df3a,80a6e600-3c25-4dfa-aa07-e2c33c063b6a,,,,,True,PowerBIReport,2372f196-4515-e470-ccc9-a3cb4ab5bbbb,38dfa130-ef80-758d-dfbe-5b02343e6720,,Shared,Power BI Web,23/07/2022 10:45:59
62aaf9bf-efc1-4b1b-ba9e-670bd2789e84,2022-07-23T19:08:32Z,,20,GetSnapshots,efe042fe-c4cf-4e6b-a8d4-23234c69c5ec,0,100320010BE2B8D2,PowerBI,ryanjones@example.com,147.161.166.100,"Mozilla/5.0 (Windows NT 10.0; Win64; x64) AppleWebKit/537.36 (KHTML, like Gecko) Chrome/103.0.0.0 Safari/537.36",GetSnapshots,,sgflbdidkr,,,firjdvvzqz,,,,,,,,,,True,,83090af4-079c-4a8f-a846-3b709f5b4dd3,b721784e-be65-4385-8702-40ea1d81d419,,,,23/07/2022 10:45:59
74779a4b-c184-4401-a2ce-f0cb45b71382,2022-07-23T19:08:41Z,,20,GenerateCustomVisualAADAccessToken,efe042fe-c4cf-4e6b-a8d4-23234c69c5ec,0,100320010BE2B8D2,PowerBI,ryanjones@example.com,147.161.166.100,"Mozilla/5.0 (Windows NT 10.0; Win64; x64) AppleWebKit/537.36 (KHTML, like Gecko) Chrome/103.0.0.0 Safari/537.36",GenerateCustomVisualAADAccessToken,,sgflbdidkr,,,firjdvvzqz,,,,,,,,,,True,,7474187d-0940-d0af-3b85-0a2f5a405dfc,b721784e-be65-4385-8702-40ea1d81d419,,,,23/07/2022 10:45:59
8346ecfe-308e-46a2-af45-3d7c2a49874a,2022-07-23T19:08:41Z,,20,GenerateCustomVisualAADAccessToken,efe042fe-c4cf-4e6b-a8d4-23234c69c5ec,0,100320010BE2B8D2,PowerBI,ryanjones@example.com,147.161.166.100,"Mozilla/5.0 (Windows NT 10.0; Win64; x64) AppleWebKit/537.36 (KHTML, like Gecko) Chrome/103.0.0.0 Safari/537.36",GenerateCustomVisualAADAccessToken,,sgflbdidkr,,,firjdvvzqz,,,,,,,,,,True,,8534a92d-d402-8f77-e70a-50958ab50e69,b721784e-be65-4385-8702-40ea1d81d419,,,,23/07/2022 10:45:59
777fc338-be79-4fca-9141-099010f8f38d,2022-07-23T20:28:08Z,,20,GetSnapshots,efe042fe-c4cf-4e6b-a8d4-23234c69c5ec,0,10037FFE9BAAAA06,PowerBI,chussain@example.com,86.153.18.211,"Mozilla/5.0 (Windows NT 10.0; Win64; x64) AppleWebKit/537.36 (KHTML, like Gecko) Chrome/103.0.5060.114 Safari/537.36 Edg/103.0.1264.62",GetSnapshots,,sgflbdidkr,,,firjdvvzqz,,,,,,,,,,True,,6a281d17-c90d-4917-cfd3-32b480018222,5a3ef4b3-597a-4ab7-8697-b5cb39c6bbb7,,,,23/07/2022 10:45:59
6d178cd9-5917-49ad-8201-f570777e0377,2022-07-23T20:42:35Z,,20,ViewReport,efe042fe-c4cf-4e6b-a8d4-23234c69c5ec,0,10033FFFAB133EFA,PowerBI,chloewilkinson@example.com,86.144.43.57,,ViewReport,06.040.Risk Operational Dashboard - Risk Exposure Change,xwekswplai,,06.040.Risk Operational Dashboard - Risk Exposure Change,dwafggxwbj,8dbdee7a-fb8d-4ae7-9a55-061239bd3e1e,06.040.Risk Operational Dashboard - Risk Exposure Change,,cd30f3bb-852d-45fd-bade-44acb1bbebd6,9a45de2b-e17b-4745-b1ed-54db8e4962b8,,,,,True,PowerBIReport,b21b3c8d-e1e9-4353-965f-1237975b8d09,4b6de3ee-86de-451a-8f5f-2a4ff5c3282d,,Shared,Power BI Web,23/07/2022 10:45:59
df6c65c0-87aa-4167-8b57-d65c0afd7d57,2022-07-23T21:40:45Z,,20,ViewReport,efe042fe-c4cf-4e6b-a8d4-23234c69c5ec,0,10032002058B8A29,PowerBI,ogibson@example.org,137.83.209.31,,ViewReport,HS2 ECP Hopper Analytics Master - PowerApp v9.0,ncmkwsocuy,,HS2 ECP Hopper Analytics Master - PowerApp v9.0,aemlnuliiy,1325714e-f133-46a9-a8ae-17fe4fec9ec4,HS2 ECP Hopper Analytics Master - PowerApp v9.0,,47b1176c-8839-46c3-8d28-9edf248f0700,086b2d9a-d3d3-4abc-bf99-16295da8277e,,,,,True,PowerBIReport,ba2932b9-112f-46b3-a41f-b8635ac58cca,3f308dee-c9c6-4fef-a60d-7a1ad7a290bf,,Shared,Power BI Web,23/07/2022 10:45:59
816219bf-1652-4451-8452-7f706c901878,2022-07-23T22:12:24Z,,20,Import,efe042fe-c4cf-4e6b-a8d4-23234c69c5ec,0,10032001AE10E3FB,PowerBI,edward70@example.com,147.161.166.124,,Import,SRSMetrics.pbix,ghaocieapc,,,firjdvvzqz,01439304-c9df-421c-b620-1f72c9ccad09,SRSMetrics.pbix,,,,,,,,True,,07779d89-f0ab-4be2-91ff-bf7dfc2f99c9,79abdf9b-48e2-4f52-9c07-5fa08f4a92a3,,,,23/07/2022 10:45:59
2d9d75b7-a533-4740-b1d8-8171fca75290,2022-07-23T22:05:33Z,,20,Import,efe042fe-c4cf-4e6b-a8d4-23234c69c5ec,0,10032001AE10E3FB,PowerBI,edward70@example.com,147.161.166.124,,Import,SRSMetrics.pbix,ghaocieapc,,,firjdvvzqz,01439304-c9df-421c-b620-1f72c9ccad09,SRSMetrics.pbix,,,,,,,,True,,04840481-f160-438d-a8a3-e3ba57d7491b,79abdf9b-48e2-4f52-9c07-5fa08f4a92a3,,,,23/07/2022 10:45:59
f4b9cfa9-9987-4fe9-824f-b838995d9be2,2022-07-23T22:14:26Z,,20,GetSnapshots,efe042fe-c4cf-4e6b-a8d4-23234c69c5ec,0,10032001AE10E3FB,PowerBI,edward70@example.com,147.161.166.124,"Mozilla/5.0 (Windows NT 10.0; Win64; x64) AppleWebKit/537.36 (KHTML, like Gecko) Teams/1.5.00.17656 Chrome/85.0.4183.121 Electron/10.4.7 Safari/537.36",GetSnapshots,,sgflbdidkr,,,firjdvvzqz,,,,,,,,,,True,,530e48f8-4b73-cfc8-7589-3bf99a14e4e7,dbe5bb73-e799-4223-ab56-b4e8bbb91fb8,,,,23/07/2022 10:45:59
6802319a-f123-400a-a8f9-3216f4067f67,2022-07-23T22:14:28Z,,20,GetSnapshots,efe042fe-c4cf-4e6b-a8d4-23234c69c5ec,0,10032001AE10E3FB,PowerBI,edward70@example.com,147.161.166.124,"Mozilla/5.0 (Windows NT 10.0; Win64; x64) AppleWebKit/537.36 (KHTML, like Gecko) Teams/1.5.00.17656 Chrome/85.0.4183.121 Electron/10.4.7 Safari/537.36",GetSnapshots,,sgflbdidkr,,,firjdvvzqz,,,,,,,,,,True,,7e99bb6a-bb7b-dc33-d326-4ec69d900db6,dbe5bb73-e799-4223-ab56-b4e8bbb91fb8,,,,23/07/2022 10:45:59
b2b16677-4893-476a-96b1-1f3fb410a0d5,2022-07-23T22:19:44Z,,20,ViewReport,efe042fe-c4cf-4e6b-a8d4-23234c69c5ec,0,10032001AE10E3FB,PowerBI,edward70@example.com,147.161.166.124,"Mozilla/5.0 (Windows NT 10.0; Win64; x64) AppleWebKit/537.36 (KHTML, like Gecko) Teams/1.5.00.17656 Chrome/85.0.4183.121 Electron/10.4.7 Safari/537.36",ViewReport,SRSMetrics,ghaocieapc,,SRSMetrics,ympmfejfhk,01439304-c9df-421c-b620-1f72c9ccad09,SRSMetrics,,90782dd2-a1b2-4fb9-b62d-a837e02daed5,fb64939c-9bf2-4e18-849a-912583a0e538,,,,,True,PowerBIReport,fc222dec-6d71-173d-9d9c-cc3b4a050283,296cb339-4fed-59ab-ab0d-a3025de04dea,,Workspace,,23/07/2022 10:45:59
bc95de91-0f9b-463b-b274-eafd7375de34,2022-07-23T22:05:42Z,,20,CreateDataset,efe042fe-c4cf-4e6b-a8d4-23234c69c5ec,0,10032001AE10E3FB,PowerBI,edward70@example.com,147.161.166.124,,CreateDataset,SRSMetrics,ghaocieapc,,SRSMetrics,firjdvvzqz,01439304-c9df-421c-b620-1f72c9ccad09,SRSMetrics,,90782dd2-a1b2-4fb9-b62d-a837e02daed5,,,,,,True,,04840481-f160-438d-a8a3-e3ba57d7491b,79abdf9b-48e2-4f52-9c07-5fa08f4a92a3,,,,23/07/2022 10:45:59
f61322ba-9353-42ab-8177-636bbd12ada1,2022-07-23T22:19:22Z,,20,Import,efe042fe-c4cf-4e6b-a8d4-23234c69c5ec,0,10032001AE10E3FB,PowerBI,edward70@example.com,147.161.166.124,,Import,SRSMetrics.pbix,ghaocieapc,,,firjdvvzqz,01439304-c9df-421c-b620-1f72c9ccad09,SRSMetrics.pbix,,,,,,,,True,,1059182e-74a4-40e8-b81a-748b46b37264,79abdf9b-48e2-4f52-9c07-5fa08f4a92a3,,,,23/07/2022 10:45:59
1a0ea2b8-44f3-4f40-a70a-7ec231a85c08,2022-07-23T22:19:24Z,,20,EditDataset,efe042fe-c4cf-4e6b-a8d4-23234c69c5ec,0,10032001AE10E3FB,PowerBI,edward70@example.com,147.161.166.124,,EditDataset,SRSMetrics,ghaocieapc,,SRSMetrics,firjdvvzqz,01439304-c9df-421c-b620-1f72c9ccad09,SRSMetrics,,90782dd2-a1b2-4fb9-b62d-a837e02daed5,,,,,,True,,1059182e-74a4-40e8-b81a-748b46b37264,79abdf9b-48e2-4f52-9c07-5fa08f4a92a3,,,,23/07/2022 10:45:59
f5be3cb1-01a3-491d-987a-5619d22387fd,2022-07-23T22:12:29Z,,20,EditDataset,efe042fe-c4cf-4e6b-a8d4-23234c69c5ec,0,10032001AE10E3FB,PowerBI,edward70@example.com,147.161.166.124,,EditDataset,SRSMetrics,ghaocieapc,,SRSMetrics,firjdvvzqz,01439304-c9df-421c-b620-1f72c9ccad09,SRSMetrics,,90782dd2-a1b2-4fb9-b62d-a837e02daed5,,,,,,True,,07779d89-f0ab-4be2-91ff-bf7dfc2f99c9,79abdf9b-48e2-4f52-9c07-5fa08f4a92a3,,,,23/07/2022 10:45:59
5e903ae7-1127-4a8f-bef5-45383cc697f0,2022-07-23T22:14:44Z,,20,ViewReport,efe042fe-c4cf-4e6b-a8d4-23234c69c5ec,0,10032001AE10E3FB,PowerBI,edward70@example.com,147.161.166.124,,ViewReport,SRSMetrics,ghaocieapc,,SRSMetrics,ympmfejfhk,01439304-c9df-421c-b620-1f72c9ccad09,SRSMetrics,,90782dd2-a1b2-4fb9-b62d-a837e02daed5,fb64939c-9bf2-4e18-849a-912583a0e538,,,,,True,PowerBIReport,7b9a0534-f7a2-dfe5-c952-193ed6f5e230,9f986740-54fe-6775-98ec-739920231268,,Workspace,,23/07/2022 10:45:59
bda313ea-7762-4cc7-8fd0-99ea0c35ff6d,2022-07-23T22:05:43Z,,20,CreateReport,efe042fe-c4cf-4e6b-a8d4-23234c69c5ec,0,10032001AE10E3FB,PowerBI,edward70@example.com,147.161.166.124,,CreateReport,SRSMetrics,ghaocieapc,,SRSMetrics,ympmfejfhk,01439304-c9df-421c-b620-1f72c9ccad09,SRSMetrics,,90782dd2-a1b2-4fb9-b62d-a837e02daed5,fb64939c-9bf2-4e18-849a-912583a0e538,,,,,True,PowerBIReport,04840481-f160-438d-a8a3-e3ba57d7491b,79abdf9b-48e2-4f52-9c07-5fa08f4a92a3,,Shared,,23/07/2022 10:45:59
